id,avg_upi_txn_amount,utility_bill_timeliness_pct,repayment_success_rate,peer_trust_avg_score,num_verified_endorsers
1,1086.66,44.58,70.08,3.5,13
2,398.78,81.12,55.75,3.51,3
3,1584.26,79.36,82.33,4.69,6
4,1343.19,85.75,65.24,1.89,15
5,547.42,97.72,53.6,3.35,14
6,1126.61,70.85,53.12,4.88,7
7,1428.88,93.08,40.85,2.51,17
8,1833.83,52.2,30.49,1.84,3
9,699.74,87.59,77.54,1.11,0
10,734.37,65.59,30.86,2.0,14
11,237.86,67.09,33.59,3.82,13
12,1655.68,50.15,96.57,4.36,19
13,1896.18,83.06,57.21,2.93,13
14,1559.85,73.37,89.97,2.22,3
15,1337.78,89.2,76.57,1.01,4
16,1478.03,99.37,41.01,3.51,13
17,1728.75,65.86,60.93,3.04,18
18,742.87,75.39,49.15,1.37,17
19,1312.57,49.72,54.38,4.9,15
20,639.4,90.68,87.81,3.47,6
21,870.22,98.12,39.59,2.81,6
22,232.88,69.81,64.14,4.15,16
23,1269.89,99.95,54.77,3.61,18
24,157.38,82.08,81.47,4.16,20
25,1961.58,83.29,60.68,4.63,13
26,1338.34,45.09,57.09,4.92,13
27,1417.15,86.87,84.82,4.51,10
28,83.4,93.45,49.77,4.15,3
29,1624.38,69.04,43.57,1.7,8
30,955.18,88.15,94.22,4.76,15
31,599.23,99.93,68.82,3.7,0
32,1201.98,83.6,79.92,2.13,14
33,869.72,69.29,84.22,2.26,7
34,1764.71,59.51,38.29,2.57,12
35,1696.62,88.06,94.52,4.66,14
36,1645.69,95.78,88.04,3.76,1
37,420.68,52.36,41.62,2.74,9
38,1337.19,78.16,67.75,3.34,17
39,1018.81,88.23,87.57,1.65,14
40,1872.67,97.99,77.32,3.57,18
41,365.69,78.11,48.32,2.58,15
42,368.98,84.04,91.06,1.19,1
43,1023.63,73.32,77.87,2.23,6
44,651.41,48.06,37.96,2.27,20
45,1614.64,86.53,95.43,3.59,6
46,1576.46,72.95,58.93,4.03,13
47,230.06,67.94,50.28,3.87,2
48,1406.67,82.37,75.38,2.09,7
49,478.5,97.53,77.73,3.41,2
50,1790.34,66.37,53.1,2.92,14
51,1827.59,56.62,45.73,3.6,10
52,1875.35,47.17,70.19,4.58,17
53,321.12,72.29,72.43,1.11,11
54,1331.84,82.93,38.42,2.08,7
55,1020.99,49.71,66.9,3.19,6
56,1913.32,65.73,96.41,1.2,20
57,217.5,91.38,34.37,2.27,18
58,508.95,88.63,34.25,3.81,7
59,912.3,41.32,55.76,3.35,2
60,209.91,92.16,40.58,2.81,16
61,1369.33,79.82,88.37,1.66,18
62,972.51,85.17,65.43,3.47,13
63,1397.4,47.11,96.85,4.35,17
64,1934.92,81.85,47.59,2.37,13
65,384.46,84.68,53.43,1.28,4
66,1545.68,52.18,90.47,3.93,9
67,493.27,41.16,78.2,1.66,3
68,377.21,87.12,55.13,1.34,9
69,221.63,50.71,39.96,4.19,11
70,255.43,57.05,66.5,3.51,4
71,1496.96,94.7,37.94,3.28,8
72,955.65,41.8,39.95,3.53,5
73,1420.43,42.3,44.9,3.65,18
74,1929.48,69.0,92.55,4.88,4
75,1177.18,51.84,60.45,1.42,12
76,879.57,96.81,37.92,4.25,13
77,1397.53,86.36,97.95,1.88,14
78,1832.59,48.52,45.64,4.26,14
79,1182.46,50.57,50.06,3.11,9
80,1081.85,89.04,69.21,3.57,7
81,797.13,42.49,96.05,2.85,17
82,262.22,63.48,59.87,1.59,7
83,895.93,67.31,76.14,1.58,18
84,1133.92,56.77,96.59,2.63,17
85,1860.19,42.74,64.0,1.02,16
86,1611.61,99.88,46.94,2.56,2
87,1631.37,49.09,67.97,1.63,1
88,372.57,77.25,64.74,2.67,20
89,705.96,56.55,36.97,4.38,2
90,1245.26,92.07,80.76,4.33,1
91,1939.9,58.58,58.92,1.23,2
92,1532.58,68.1,31.45,3.1,1
93,1657.85,66.79,41.56,4.01,14
94,629.88,50.93,61.21,1.94,8
95,954.96,65.79,75.16,1.04,10
96,476.92,77.63,80.26,1.47,13
97,1572.67,74.01,44.74,3.68,18
98,1309.78,47.05,75.97,2.11,20
99,1701.36,80.86,72.81,2.03,8
100,1334.86,73.36,88.55,1.34,12
101,153.88,50.97,39.8,3.72,19
102,748.94,62.73,83.83,3.85,9
103,1464.21,73.27,46.71,4.45,19
104,914.01,61.97,88.17,2.21,5
105,1090.86,99.22,92.94,3.54,18
106,1852.11,73.26,96.89,1.21,11
107,481.52,53.97,88.74,3.19,19
108,1295.26,65.92,31.54,3.02,12
109,1677.17,92.57,52.64,2.83,16
110,683.2,50.85,64.7,4.49,5
111,1170.75,44.28,59.57,1.93,1
112,706.87,94.05,57.94,2.07,15
113,1662.97,85.91,33.27,4.61,9
114,1379.46,66.97,95.97,3.89,7
115,1970.16,55.63,39.23,1.94,19
116,1672.97,47.68,51.85,4.61,10
117,1057.25,96.44,41.03,1.93,17
118,143.71,81.89,43.76,2.4,10
119,1053.75,88.72,59.03,1.55,15
120,1878.9,50.37,32.75,2.79,13
121,760.87,99.47,31.09,3.05,6
122,339.08,84.1,86.81,2.64,14
123,1414.41,85.08,82.41,1.8,14
124,1795.9,57.63,33.41,1.19,8
125,718.19,55.63,94.42,3.73,4
126,187.72,64.15,67.41,2.7,15
127,1724.23,97.92,41.6,1.21,5
128,502.43,75.21,57.86,3.61,9
129,373.37,75.57,87.66,3.0,14
130,193.19,83.46,60.3,2.34,3
131,1579.39,88.74,89.51,1.86,19
132,728.16,79.7,33.38,4.06,11
133,1005.53,61.36,81.3,2.69,10
134,1250.68,46.99,84.72,4.24,16
135,778.49,54.78,85.19,4.57,20
136,222.98,73.17,89.31,4.89,2
137,1149.41,47.48,63.06,3.6,17
138,904.62,62.44,38.17,1.01,1
139,1795.18,62.14,70.08,2.72,18
140,1762.01,46.53,81.55,4.19,1
141,1253.42,90.08,60.6,4.64,2
142,1136.41,55.32,37.91,2.08,4
143,1602.55,74.66,76.43,3.48,9
144,1222.83,68.43,40.35,1.14,4
145,1963.11,50.13,30.67,4.31,11
146,1056.96,54.74,43.21,4.76,5
147,1016.71,49.45,93.02,2.66,19
148,1526.74,55.81,45.6,1.35,18
149,1677.31,91.13,60.19,3.17,0
150,292.08,41.74,50.03,2.02,16
151,1759.94,56.72,98.11,2.71,11
152,565.0,40.02,72.92,3.48,14
153,959.46,76.69,60.82,2.12,16
154,574.96,50.67,64.81,1.52,15
155,373.24,60.0,88.91,1.99,15
156,397.81,56.6,87.14,2.45,17
157,747.79,81.47,81.73,1.37,17
158,1112.27,57.66,37.38,2.88,4
159,503.23,70.18,39.41,3.16,3
160,1051.06,77.81,76.8,1.02,0
161,1183.65,93.54,41.03,1.89,2
162,1074.98,84.01,55.11,1.34,16
163,148.0,52.64,47.51,2.53,0
164,405.62,59.23,96.52,3.23,8
165,646.43,97.9,63.38,3.33,11
166,1490.96,94.68,67.87,2.38,5
167,1762.54,68.7,41.33,2.24,15
168,599.29,40.46,83.64,4.83,9
169,1091.97,56.61,94.34,3.79,13
170,1868.51,90.9,69.32,3.94,1
171,491.3,41.63,41.22,4.37,11
172,286.58,49.5,53.69,1.56,19
173,177.67,41.98,62.87,4.53,11
174,1552.64,52.1,86.02,3.17,9
175,197.37,42.38,94.31,4.96,8
176,107.9,65.85,36.33,4.82,2
177,1063.68,60.49,81.12,1.6,2
178,368.66,57.29,87.67,4.43,3
179,439.13,83.06,59.31,1.24,17
180,657.47,57.53,78.72,4.86,14
181,1590.22,97.23,65.06,4.32,15
182,1452.76,73.14,59.95,2.43,4
183,1704.67,87.02,78.32,4.87,13
184,1165.35,83.13,54.62,3.08,20
185,1533.54,41.5,68.96,2.26,12
186,757.37,93.69,55.82,1.66,3
187,899.73,63.73,99.61,1.42,1
188,714.41,70.5,97.71,3.01,5
189,305.3,98.36,81.54,2.74,12
190,985.25,86.98,68.51,2.28,20
191,1121.71,78.03,56.94,2.59,14
192,879.65,65.43,69.72,1.82,2
193,1359.61,83.48,70.35,2.84,12
194,1079.5,47.88,39.05,1.86,10
195,526.56,75.91,70.1,2.55,19
196,1176.08,99.21,73.13,1.69,11
197,413.36,90.53,41.0,1.89,7
198,441.06,62.79,49.59,4.75,5
199,1958.99,97.56,70.64,1.5,7
200,1433.83,77.54,89.81,2.68,14
201,1328.47,40.68,79.67,4.56,4
202,1976.04,52.25,75.74,4.84,5
203,1206.71,52.0,44.15,2.75,19
204,850.07,61.98,99.38,4.61,9
205,365.62,74.89,30.37,4.61,16
206,1097.89,65.94,85.29,1.45,19
207,1486.87,69.48,82.29,1.8,0
208,1174.88,55.62,78.38,1.61,9
209,1667.99,54.9,97.91,2.66,15
210,271.62,67.65,57.01,1.94,8
211,270.06,89.11,32.92,4.83,18
212,1934.36,45.04,83.81,2.92,4
213,926.42,54.06,73.91,3.41,8
214,1535.54,62.05,79.71,4.02,16
215,1999.71,70.52,47.26,1.79,2
216,973.98,42.01,89.8,3.73,17
217,1088.45,52.55,65.87,1.17,19
218,1255.41,60.18,81.42,4.91,20
219,522.94,54.69,83.21,4.5,17
220,771.5,67.78,70.62,1.22,20
221,1222.24,65.69,80.51,1.63,3
222,1602.7,77.25,87.34,4.44,12
223,1664.84,65.16,46.22,1.67,13
224,133.51,85.5,95.91,2.02,1
225,213.24,47.2,37.88,1.04,18
226,1093.37,71.11,31.88,3.88,20
227,1313.98,46.38,43.41,1.01,15
228,229.79,44.74,88.93,2.66,14
229,1338.98,84.22,30.52,2.04,7
230,424.7,84.7,83.37,4.08,8
231,458.6,83.44,59.81,3.8,8
232,625.91,90.8,91.34,2.52,15
233,1198.45,82.91,97.93,4.97,4
234,1759.31,50.14,38.11,2.15,6
235,1371.72,93.55,43.18,1.62,16
236,742.73,53.29,72.53,4.42,18
237,652.6,71.96,61.96,2.74,16
238,510.27,41.2,47.69,2.08,13
239,1389.44,64.28,75.36,2.49,0
240,1596.62,90.94,94.38,1.49,2
241,1766.94,58.77,36.94,3.75,14
242,1730.11,61.99,64.35,3.21,13
243,492.07,79.66,68.09,2.07,15
244,437.75,40.55,87.46,3.9,12
245,1222.22,65.64,47.89,2.47,3
246,1065.26,80.17,85.32,4.83,14
247,1133.82,71.6,49.09,3.02,7
248,463.7,75.76,58.0,1.68,5
249,288.75,48.16,31.95,1.64,2
250,1336.11,49.31,53.38,1.91,10
251,208.46,98.95,81.7,4.93,20
252,227.5,55.43,50.99,3.02,12
253,1249.96,69.23,64.2,3.29,11
254,471.23,60.92,69.94,1.5,2
255,1744.14,72.94,81.14,4.23,7
256,1225.45,57.37,51.46,1.8,5
257,951.32,55.88,33.48,2.01,18
258,585.87,57.13,86.37,3.47,9
259,673.42,85.66,47.73,2.19,18
260,602.55,98.13,93.61,3.2,0
261,162.46,82.72,74.87,4.53,15
262,1197.98,96.44,95.07,3.94,4
263,568.01,50.26,65.96,3.19,20
264,1318.91,93.43,30.85,1.18,5
265,1583.97,83.64,30.13,1.57,12
266,718.61,40.58,98.39,2.68,4
267,1602.55,96.09,34.64,4.44,17
268,1932.94,70.51,94.44,1.85,17
269,1145.09,90.67,88.44,3.37,3
270,1292.23,91.39,58.12,3.55,6
271,1861.37,46.26,36.4,3.42,1
272,461.8,60.43,60.2,2.58,9
273,863.65,93.36,85.03,1.64,18
274,601.12,75.21,93.33,4.93,12
275,343.72,86.29,60.41,4.73,20
276,1870.25,47.52,65.21,2.9,6
277,1725.15,90.01,49.8,1.02,8
278,143.67,66.3,93.29,2.1,20
279,1807.86,61.07,90.51,2.37,11
280,192.16,82.11,34.15,1.74,3
281,193.93,47.2,97.61,4.0,17
282,1807.43,43.5,36.21,2.11,13
283,561.8,87.98,62.04,1.19,1
284,1110.07,42.65,45.17,3.69,16
285,554.47,96.33,61.8,2.56,15
286,1517.58,96.36,85.07,1.98,0
287,630.21,97.84,66.8,2.9,10
288,1397.25,59.3,73.43,4.92,2
289,1729.11,47.28,36.45,2.19,8
290,1352.41,57.71,53.98,3.86,14
291,672.09,50.48,37.67,1.86,14
292,842.75,73.53,45.86,4.35,16
293,1096.72,42.98,54.54,4.74,10
294,1179.09,68.94,77.99,3.96,15
295,1804.09,68.91,58.19,4.06,17
296,564.48,79.47,53.01,2.67,11
297,666.83,64.69,94.3,1.72,5
298,1758.64,75.33,35.96,1.31,18
299,311.78,69.31,63.5,3.32,14
300,1076.54,64.1,40.11,3.46,3
301,326.91,77.63,46.34,4.85,7
302,119.62,56.03,34.65,1.53,15
303,1591.13,45.82,42.5,1.23,4
304,1337.78,79.49,96.47,1.15,4
305,564.91,73.74,75.78,4.91,17
306,470.4,72.83,74.76,3.6,8
307,1103.53,62.35,73.59,4.36,11
308,456.2,46.43,70.45,3.17,2
309,609.85,56.91,73.84,1.39,11
310,511.62,57.44,75.71,4.15,13
311,1592.57,64.48,48.16,2.23,20
312,727.92,77.45,51.57,1.84,0
313,1866.23,77.09,33.45,4.1,19
314,346.11,40.54,30.87,4.93,11
315,1545.03,81.71,40.95,3.71,5
316,1619.28,74.5,96.9,2.33,14
317,1806.94,92.75,88.81,4.78,5
318,982.83,47.27,68.95,1.01,6
319,1534.08,92.96,70.08,1.51,18
320,1811.5,95.73,31.75,1.33,12
321,1225.85,43.1,62.9,1.48,13
322,1832.02,93.69,93.58,2.34,19
323,880.81,82.14,98.54,4.32,6
324,267.22,61.22,73.85,1.52,9
325,1925.88,44.41,45.98,3.6,14
326,331.34,64.3,38.26,2.33,11
327,978.74,90.31,69.59,1.52,16
328,1116.3,81.03,89.06,2.03,0
329,594.91,76.02,82.46,1.36,12
330,1809.09,96.29,75.65,3.19,6
331,1074.44,46.18,71.03,1.49,18
332,1839.45,54.42,81.22,3.41,15
333,261.04,45.74,34.53,1.18,8
334,321.86,66.38,51.54,1.04,11
335,1581.59,58.09,33.88,4.61,19
336,1535.02,59.64,37.84,2.39,12
337,1654.45,49.43,86.91,3.03,15
338,1920.68,52.13,80.35,4.79,8
339,1033.9,70.68,34.45,1.85,16
340,1156.61,96.8,38.92,1.13,4
341,676.06,90.11,92.3,2.3,11
342,1511.56,51.19,74.36,3.45,14
343,905.22,90.31,94.05,4.94,8
344,1108.43,77.76,76.36,3.49,16
345,1760.92,98.21,36.76,4.42,17
346,922.12,77.28,30.12,3.02,8
347,1023.38,71.24,79.96,3.9,6
348,777.43,61.26,77.3,3.53,5
349,1841.59,89.84,79.54,2.02,20
350,1341.91,98.93,60.62,2.46,10
351,830.42,45.53,74.32,4.14,0
352,1058.36,52.85,47.26,2.71,11
353,659.67,77.54,68.15,4.6,19
354,1769.57,63.64,92.94,1.76,1
355,502.89,83.94,54.19,3.74,14
356,1060.03,84.81,32.48,2.42,14
357,1070.09,78.47,87.44,1.86,2
358,1334.96,73.88,77.95,2.08,18
359,197.6,66.23,49.58,4.22,20
360,514.58,83.98,45.29,3.56,19
361,288.21,84.49,48.16,3.6,18
362,1787.8,74.81,83.0,3.86,6
363,1851.19,70.76,64.84,4.76,13
364,1173.79,80.2,76.56,1.93,11
365,1986.69,90.23,30.38,1.64,13
366,1911.59,82.85,84.52,1.95,9
367,508.68,45.14,48.65,2.8,20
368,929.04,67.11,66.49,4.38,13
369,830.53,83.78,89.91,2.97,18
370,415.79,52.28,50.97,4.6,18
371,724.39,88.19,70.54,4.43,15
372,1915.71,74.36,35.63,2.61,19
373,1996.32,70.74,83.08,2.22,20
374,836.56,67.93,67.87,1.07,2
375,957.78,65.41,85.28,3.06,11
376,295.45,97.04,40.6,4.09,3
377,1130.33,46.51,95.35,3.29,12
378,515.64,52.4,67.15,4.99,10
379,1304.1,48.55,73.2,3.71,19
380,1714.43,70.85,42.06,4.01,17
381,218.21,43.24,54.59,1.66,6
382,975.75,70.58,57.11,3.71,6
383,1397.19,96.19,95.82,3.71,4
384,467.06,45.94,66.26,2.69,0
385,1796.43,74.35,81.08,4.94,4
386,503.42,51.72,55.04,1.01,6
387,1465.67,80.27,36.98,2.88,8
388,549.49,68.5,47.83,2.47,7
389,784.49,44.18,65.3,4.26,17
390,1198.1,51.38,58.35,3.26,17
391,1304.78,88.87,94.7,2.16,9
392,1429.5,75.93,47.83,3.79,4
393,657.07,97.32,86.2,4.75,5
394,612.88,48.75,60.49,3.88,10
395,1657.93,69.61,55.1,1.67,7
396,746.21,95.0,73.33,3.67,17
397,135.04,89.89,40.57,3.42,9
398,1929.12,60.77,75.13,2.81,17
399,534.03,73.46,76.48,1.54,13
400,366.69,82.84,79.77,1.99,12
401,1349.58,56.14,48.45,4.16,20
402,942.91,90.26,63.62,3.95,10
403,762.82,99.13,71.84,4.09,10
404,490.35,67.4,36.69,1.43,11
405,675.36,65.82,75.74,3.92,14
406,451.35,67.68,48.31,3.66,5
407,1452.55,58.16,83.13,3.95,3
408,65.95,51.54,97.95,2.83,4
409,1359.37,64.58,53.71,1.04,4
410,481.97,44.53,46.94,1.1,17
411,1137.5,71.61,49.88,4.28,6
412,1530.76,74.56,62.39,4.75,5
413,1413.46,71.27,66.51,3.83,19
414,478.32,97.19,53.01,4.47,1
415,508.26,74.35,34.81,2.14,8
416,685.8,73.67,88.1,4.44,8
417,1521.72,67.21,87.61,3.89,1
418,265.98,53.21,49.5,4.01,10
419,109.38,79.14,34.11,2.46,8
420,1815.4,78.23,96.52,1.05,13
421,1312.94,41.96,42.2,3.48,4
422,780.32,93.76,85.11,3.61,8
423,287.99,53.49,74.06,2.04,1
424,1713.66,58.68,65.01,3.41,19
425,1096.5,45.51,59.66,4.23,10
426,1043.45,54.9,62.73,3.85,13
427,488.01,68.93,79.22,3.69,11
428,1201.87,62.62,49.02,4.57,11
429,1113.47,63.65,42.4,1.6,3
430,610.61,96.92,41.72,1.2,0
431,1762.36,93.34,35.72,1.71,10
432,64.09,45.12,94.15,3.38,8
433,1515.39,85.42,53.15,4.4,12
434,1878.21,66.07,33.81,1.33,3
435,97.22,65.59,62.17,2.21,3
436,1036.76,68.23,82.05,3.2,18
437,759.57,97.0,88.12,3.71,11
438,1453.2,76.22,82.42,3.13,12
439,373.55,44.94,86.17,3.53,18
440,198.81,92.83,63.07,4.21,18
441,720.32,46.49,94.28,1.87,6
442,1773.42,62.34,52.6,4.1,15
443,1679.53,54.45,98.23,3.88,3
444,1373.23,56.66,49.05,4.01,0
445,204.1,79.04,57.66,4.14,3
446,237.9,90.46,84.04,3.8,19
447,1883.98,68.46,42.44,4.68,14
448,197.39,97.42,58.93,3.79,9
449,294.79,41.33,33.45,3.43,10
450,1283.92,45.73,47.89,4.48,17
451,163.09,64.28,70.55,4.12,10
452,835.12,74.7,50.3,1.91,0
453,506.7,74.03,86.45,3.82,9
454,516.45,72.57,35.18,4.18,8
455,1408.36,66.15,38.83,2.87,16
456,1520.37,73.28,51.72,4.15,14
457,1825.12,70.99,58.34,2.96,20
458,1435.08,84.86,40.4,3.79,6
459,616.34,77.65,93.1,2.43,17
460,1943.62,49.4,50.14,1.85,7
461,308.1,64.36,37.45,3.27,6
462,899.08,43.01,55.31,4.07,2
463,89.9,43.23,35.05,2.52,5
464,1628.64,40.12,90.6,4.69,3
465,1281.12,46.19,38.56,1.14,1
466,208.15,58.85,89.31,4.37,8
467,1199.6,94.21,85.67,2.75,13
468,1949.49,82.03,62.25,4.03,0
469,346.78,45.41,40.86,3.55,13
470,197.19,90.44,31.1,1.65,18
471,160.29,79.67,31.57,3.82,9
472,895.59,59.48,93.12,3.83,17
473,1829.09,97.79,31.92,2.56,2
474,1295.68,46.23,47.62,4.62,7
475,840.08,57.86,75.38,1.78,16
476,417.04,57.63,84.84,4.21,8
477,629.64,50.93,77.53,2.91,1
478,561.23,79.04,36.65,4.67,17
479,574.85,89.32,86.2,4.53,2
480,1061.26,93.19,31.95,1.73,16
481,1998.46,52.53,33.9,4.13,3
482,1043.05,65.41,40.09,2.92,15
483,297.08,46.87,32.18,4.17,13
484,380.79,84.65,64.82,1.82,18
485,1681.49,53.78,49.12,2.81,14
486,401.72,60.77,98.03,3.84,15
487,1031.48,47.12,67.54,1.07,14
488,1094.5,49.26,95.28,3.79,9
489,282.91,67.87,97.43,3.69,9
490,1306.66,70.06,43.54,4.64,6
491,1808.92,83.89,66.71,3.38,1
492,373.82,82.75,92.31,1.64,16
493,1141.65,60.89,44.99,1.54,7
494,1085.26,90.59,89.49,3.67,17
495,250.65,99.2,76.26,1.9,16
496,999.01,86.41,46.59,4.41,2
497,807.73,53.04,81.98,4.38,11
498,1421.94,50.39,76.99,2.93,0
499,448.65,43.62,93.77,4.22,18
500,159.81,77.53,40.86,4.01,19
501,527.08,44.37,65.47,3.75,6
502,695.79,68.21,36.67,4.93,4
503,1235.84,55.78,67.82,1.55,11
504,1160.24,72.04,67.72,1.11,6
505,554.54,57.34,40.92,3.82,17
506,322.15,46.89,96.25,1.26,9
507,552.65,57.94,91.95,1.69,15
508,1749.48,97.8,93.44,3.86,16
509,605.14,79.27,96.89,1.32,8
510,737.85,53.04,90.45,2.94,4
511,702.61,71.71,65.05,1.66,13
512,1881.59,56.69,81.18,4.38,1
513,1725.18,54.84,50.99,1.35,20
514,232.4,89.27,43.16,1.68,13
515,1497.72,76.97,35.28,4.5,18
516,740.67,67.57,93.46,2.59,14
517,597.06,84.96,30.35,4.36,7
518,1282.01,84.14,47.47,2.21,8
519,524.39,47.38,56.73,2.7,17
520,142.7,48.3,34.41,3.79,18
521,1043.32,53.85,92.49,3.63,20
522,1044.48,81.59,45.12,3.06,17
523,1178.63,97.84,84.78,3.09,9
524,1537.55,48.95,46.99,2.78,8
525,109.77,58.31,74.8,1.29,15
526,1536.63,96.92,45.46,4.24,2
527,1512.96,55.16,82.72,2.85,13
528,873.76,75.69,69.14,1.31,9
529,1274.33,61.33,51.92,1.68,15
530,1311.88,40.46,82.12,1.51,9
531,1600.94,71.9,57.95,1.73,20
532,832.39,62.2,33.65,4.62,19
533,1055.95,40.82,90.91,2.12,6
534,565.34,62.88,37.28,3.63,19
535,648.59,98.98,43.93,2.88,5
536,1503.2,46.76,36.06,2.12,14
537,1696.42,72.61,53.69,1.84,11
538,1906.61,76.44,50.96,4.04,4
539,1874.71,98.81,69.55,1.88,10
540,179.33,99.63,30.34,3.58,14
541,443.57,60.49,53.71,2.12,6
542,1481.58,98.74,58.8,4.04,17
543,1753.75,77.38,88.68,4.36,7
544,1949.99,65.04,97.54,2.31,5
545,1608.35,93.69,58.74,1.38,16
546,337.27,95.11,94.08,3.62,13
547,1683.85,81.58,34.12,4.94,12
548,275.92,93.55,65.75,4.97,18
549,1073.68,78.12,65.95,3.21,1
550,1397.15,92.12,35.38,1.55,16
551,1830.94,40.67,35.98,3.47,12
552,479.55,50.97,96.68,1.37,7
553,1984.78,50.66,90.92,3.83,14
554,98.78,67.63,38.56,3.37,16
555,1561.0,59.93,80.47,4.65,12
556,1542.33,72.63,42.55,1.69,12
557,1387.11,53.14,39.45,4.83,20
558,1978.1,59.81,58.37,2.51,0
559,1721.03,90.25,48.24,1.25,18
560,897.61,65.77,60.45,2.93,7
561,257.61,93.7,72.68,3.85,12
562,666.83,83.79,78.84,4.9,13
563,1880.4,75.69,99.17,4.66,8
564,1846.92,71.51,97.45,1.83,12
565,378.74,76.87,41.13,2.01,7
566,787.74,48.9,43.34,3.21,11
567,634.34,41.74,48.0,4.28,12
568,647.72,43.2,51.42,1.76,14
569,1570.02,40.67,77.08,2.97,18
570,540.73,51.22,67.47,3.09,15
571,1587.12,96.02,36.0,2.18,12
572,163.98,41.23,80.94,4.01,3
573,1707.85,91.36,53.78,2.48,18
574,322.31,77.15,84.75,1.72,0
575,1118.17,73.06,46.08,4.79,18
576,978.32,52.7,49.22,3.16,18
577,859.08,71.09,71.58,2.4,7
578,287.5,88.76,56.31,1.71,9
579,1077.95,95.32,69.61,1.84,5
580,166.79,70.84,82.91,1.14,18
581,1082.83,58.13,99.32,5.0,12
582,1003.67,96.41,45.83,4.27,10
583,1316.1,96.92,88.37,1.29,6
584,1294.68,79.39,76.59,4.67,17
585,887.48,83.88,88.04,4.71,14
586,1994.55,79.81,52.81,2.58,3
587,1678.17,70.41,63.96,3.61,8
588,1473.21,68.26,39.31,2.86,13
589,183.2,99.68,81.58,3.12,3
590,572.01,42.46,31.48,4.24,20
591,711.25,72.51,50.4,4.97,15
592,1253.82,62.46,64.48,2.1,8
593,697.31,88.78,32.2,3.9,17
594,973.77,76.69,38.16,3.61,18
595,1221.86,96.68,61.3,1.99,2
596,629.41,79.82,59.4,4.07,3
597,1012.44,82.58,56.85,2.04,0
598,919.55,99.88,56.12,4.66,14
599,1813.1,52.72,86.27,2.41,17
600,1800.14,57.68,90.36,2.35,7
601,1887.4,84.68,90.41,2.9,5
602,853.5,47.53,71.22,4.89,12
603,804.64,91.3,49.17,3.61,10
604,1622.06,91.03,99.64,3.53,2
605,866.1,58.16,95.53,3.66,12
606,581.54,60.73,50.1,3.52,4
607,782.6,89.04,46.39,4.35,18
608,135.71,73.48,65.07,3.45,2
609,633.93,76.72,64.23,1.45,20
610,1994.29,87.64,71.27,2.19,4
611,202.31,65.02,93.44,2.41,13
612,314.19,68.15,50.6,2.02,2
613,1504.95,93.65,57.01,1.94,1
614,546.15,55.05,78.94,4.93,1
615,819.85,57.73,47.81,4.98,9
616,1131.91,83.04,96.88,3.14,17
617,523.32,81.02,49.47,4.49,19
618,799.12,83.87,49.97,2.11,10
619,1072.71,46.6,97.2,2.13,18
620,1014.41,95.15,90.01,2.48,7
621,554.78,88.09,68.13,1.21,11
622,785.21,96.67,53.37,2.62,20
623,1019.21,54.2,79.3,4.31,3
624,348.35,63.91,36.94,3.61,18
625,586.11,81.98,94.55,1.98,1
626,1165.39,51.79,51.35,4.91,14
627,901.59,44.75,93.69,3.42,2
628,640.02,61.09,56.48,3.21,2
629,1423.3,61.22,68.04,2.59,20
630,260.01,56.23,76.96,3.17,10
631,1300.48,51.61,37.53,1.49,13
632,1477.91,71.71,62.52,1.49,14
633,1287.64,75.43,34.3,1.1,9
634,828.64,98.3,53.03,1.69,9
635,1486.24,99.34,31.82,4.35,5
636,1125.91,79.83,94.7,1.06,18
637,552.47,74.86,78.46,4.16,16
638,1221.41,86.66,34.95,4.56,16
639,780.5,43.29,76.68,4.85,2
640,466.33,71.68,65.29,3.26,6
641,942.54,91.32,61.39,1.56,6
642,1501.16,85.06,55.35,4.19,6
643,1616.79,80.65,57.23,3.06,13
644,360.33,52.46,40.15,4.98,11
645,336.41,41.76,54.56,4.94,13
646,1663.55,59.64,51.26,4.38,2
647,418.47,62.42,71.31,3.93,3
648,1056.6,95.29,84.46,2.66,1
649,1325.71,90.19,70.67,2.7,0
650,880.34,70.17,69.21,2.2,16
651,1765.13,48.26,72.68,4.63,17
652,517.9,62.75,36.42,3.45,0
653,882.3,41.42,85.56,2.11,19
654,1246.77,91.66,49.84,1.39,14
655,1996.8,75.36,44.17,3.2,19
656,401.56,71.66,99.77,1.29,3
657,1913.43,61.19,69.05,4.76,17
658,1650.55,63.33,48.96,3.83,16
659,1844.86,83.3,86.68,3.51,3
660,1592.75,41.83,43.85,2.19,20
661,1782.12,63.09,75.05,3.26,11
662,1579.44,46.37,76.59,3.65,1
663,1764.74,63.89,44.16,5.0,16
664,1390.79,45.3,53.82,3.43,9
665,887.95,66.13,82.78,4.44,18
666,1182.77,44.49,75.15,4.86,17
667,695.28,89.78,31.66,1.08,3
668,1634.35,64.5,30.18,1.29,17
669,65.98,51.0,89.35,3.19,13
670,1254.88,46.27,76.86,4.58,1
671,1128.05,90.94,89.64,2.28,13
672,790.67,56.11,65.52,4.88,19
673,1566.81,85.21,73.22,4.77,15
674,1714.65,79.85,31.92,2.45,7
675,1835.25,66.1,37.17,1.71,9
676,410.08,78.92,64.6,2.59,10
677,1275.84,96.22,97.22,3.52,15
678,423.79,70.2,93.53,1.06,16
679,431.76,92.45,57.64,1.4,7
680,125.86,64.8,50.07,4.41,19
681,1488.37,61.66,81.84,3.33,16
682,1679.45,84.24,42.41,1.17,1
683,780.44,84.09,83.62,4.67,8
684,757.33,85.77,45.61,4.83,9
685,1043.8,58.83,47.08,1.97,1
686,831.82,74.22,54.91,1.56,10
687,513.3,69.23,71.58,4.29,15
688,344.5,51.02,67.19,3.13,18
689,1543.09,58.42,39.51,2.93,16
690,1463.0,71.22,41.68,2.56,16
691,1048.96,51.71,67.22,3.72,13
692,755.97,70.75,39.9,3.24,4
693,1210.35,93.7,98.64,3.89,0
694,843.19,80.97,81.81,3.15,1
695,1021.38,67.87,44.94,1.88,6
696,506.38,56.99,97.62,2.01,11
697,789.22,48.94,52.29,3.78,16
698,1886.65,41.25,30.83,4.94,16
699,732.51,81.01,90.33,4.08,3
700,357.51,60.6,86.79,3.31,18
701,638.76,94.24,98.74,1.28,4
702,1431.29,79.69,33.37,2.33,0
703,328.9,42.85,72.7,1.17,1
704,1220.67,95.97,81.35,4.49,5
705,1524.66,45.06,31.32,2.16,20
706,53.64,60.96,46.7,3.5,17
707,1238.06,48.42,64.31,4.79,16
708,433.8,46.72,91.62,3.5,2
709,1824.39,83.89,46.5,3.32,11
710,1327.51,40.24,98.43,4.69,1
711,863.56,61.44,49.45,1.97,16
712,1245.75,77.2,43.6,3.19,12
713,1831.85,91.15,94.29,2.54,2
714,1005.26,63.0,59.74,2.56,10
715,1672.95,92.76,36.05,1.49,13
716,1450.65,89.58,54.66,2.45,14
717,275.98,65.04,64.54,4.21,15
718,997.05,83.8,84.78,4.95,7
719,1171.6,53.91,76.97,2.73,6
720,1829.23,95.22,62.11,4.97,9
721,1236.67,80.66,59.28,1.39,1
722,1973.9,92.45,97.66,4.65,8
723,763.2,50.81,54.51,1.72,8
724,1955.36,58.55,50.2,1.98,7
725,287.4,99.54,37.43,1.26,7
726,824.36,80.64,50.54,2.29,0
727,1905.13,53.54,72.26,1.2,9
728,622.17,53.78,55.57,2.29,19
729,1549.48,81.82,34.38,1.39,16
730,680.13,50.39,47.63,3.04,2
731,735.97,88.6,32.48,1.97,10
732,1613.03,79.53,51.12,4.66,1
733,1911.99,46.48,93.68,2.77,0
734,1577.44,92.3,95.39,3.69,7
735,1629.99,50.08,72.4,3.13,9
736,1883.07,60.01,86.24,4.3,19
737,884.3,54.26,37.66,4.46,15
738,739.6,50.82,32.44,3.36,9
739,413.01,54.67,88.85,2.92,15
740,509.01,60.53,52.1,4.74,7
741,548.28,79.69,72.85,4.21,4
742,1106.5,88.26,50.62,4.62,14
743,1134.71,54.17,75.69,4.19,15
744,902.04,62.7,72.95,2.64,20
745,1309.57,62.3,53.48,1.13,1
746,1864.59,99.12,72.55,2.99,0
747,154.42,88.4,37.73,1.93,5
748,1528.09,43.6,30.1,4.31,20
749,1633.8,82.15,42.85,2.94,19
750,1002.81,91.32,98.32,2.1,4
751,1373.15,76.44,42.55,4.18,9
752,1069.17,92.06,75.07,2.01,10
753,1059.77,76.48,98.74,3.43,15
754,1275.13,57.52,56.34,2.17,3
755,461.32,85.84,87.31,3.7,14
756,1448.28,58.98,80.73,3.08,5
757,1876.78,46.97,32.51,4.7,4
758,1177.05,80.4,89.83,3.73,8
759,1761.56,44.59,33.78,4.75,8
760,1249.41,63.22,35.57,2.68,1
761,1955.57,86.52,99.27,3.66,3
762,999.86,82.24,69.99,2.7,11
763,526.37,98.08,75.28,1.24,17
764,1855.98,97.81,47.37,4.24,19
765,480.82,40.48,88.19,4.86,11
766,1135.09,67.02,97.53,4.94,8
767,1714.61,43.49,91.09,1.38,9
768,1468.22,85.61,43.6,3.67,18
769,387.1,73.11,55.14,3.93,16
770,1016.26,51.91,68.13,1.57,1
771,1362.36,45.98,78.87,3.76,7
772,367.36,58.71,77.69,4.34,17
773,1693.9,94.23,69.58,1.53,16
774,330.11,93.6,93.97,2.76,8
775,1426.1,63.48,53.56,2.5,2
776,1065.44,66.87,67.14,1.58,4
777,364.51,85.27,86.48,2.99,18
778,1793.73,67.02,77.7,4.73,12
779,447.02,81.25,98.58,3.12,6
780,189.12,84.79,87.24,2.17,9
781,947.15,70.35,51.37,4.59,6
782,659.88,67.22,50.36,4.27,17
783,229.27,52.07,41.42,3.64,7
784,704.16,41.03,41.83,3.72,0
785,281.03,82.57,95.52,4.47,20
786,469.73,74.49,54.04,2.29,2
787,813.02,41.34,86.13,2.06,20
788,349.41,46.31,73.89,1.2,2
789,1390.96,84.61,62.52,3.52,3
790,347.85,81.75,97.62,4.12,8
791,188.81,41.87,46.68,4.87,13
792,1344.66,68.04,87.65,2.42,11
793,200.01,66.25,37.44,3.34,8
794,1474.17,81.85,39.09,3.17,20
795,751.43,57.04,77.53,1.96,1
796,1516.74,81.2,84.11,1.69,18
797,1443.83,47.14,33.24,1.14,10
798,960.04,56.33,42.59,4.94,15
799,1217.95,95.57,58.72,3.21,10
800,617.12,42.03,73.47,4.52,0
801,335.38,79.82,68.59,2.4,15
802,1890.29,89.21,66.03,1.76,3
803,164.8,56.47,82.48,4.27,5
804,754.36,63.54,49.44,1.22,6
805,1451.2,48.94,53.72,4.02,2
806,1187.06,56.68,79.46,4.46,20
807,505.1,88.15,61.84,3.59,5
808,919.22,46.61,93.98,2.08,9
809,860.86,87.16,82.28,4.81,16
810,1940.07,48.46,59.83,4.31,3
811,840.72,61.11,74.44,4.09,8
812,878.17,77.76,82.32,3.4,17
813,1055.43,44.42,45.89,2.22,12
814,336.26,43.35,73.43,3.49,8
815,651.79,65.0,80.37,1.99,0
816,156.53,52.42,87.71,4.06,15
817,551.78,46.16,89.26,1.25,3
818,778.26,60.97,34.64,2.68,0
819,1188.14,95.53,85.68,4.04,11
820,128.6,74.74,35.04,3.33,15
821,666.63,94.43,32.14,3.74,4
822,1473.39,82.53,76.8,4.06,20
823,1454.98,47.16,54.78,2.59,8
824,1370.17,51.71,93.38,4.06,2
825,703.18,65.24,70.54,1.69,5
826,1212.88,51.8,37.63,1.28,19
827,1943.31,49.56,46.63,3.59,20
828,1114.55,68.99,32.86,3.17,6
829,158.93,76.72,99.58,2.15,3
830,1259.54,69.57,38.55,3.58,0
831,1265.27,66.39,56.43,4.26,4
832,923.52,84.91,54.21,1.05,10
833,663.42,91.21,48.93,4.68,18
834,716.48,65.65,62.43,4.17,9
835,655.15,57.17,66.2,1.3,14
836,353.4,64.81,80.87,2.54,16
837,1029.33,63.76,74.48,4.77,11
838,1424.55,46.69,41.78,4.06,11
839,1140.19,65.83,59.75,2.7,16
840,1078.01,70.92,55.61,4.94,18
841,372.78,56.46,83.78,2.09,19
842,1307.05,94.19,76.68,1.16,5
843,154.88,87.9,64.17,3.07,5
844,511.99,68.81,90.36,3.76,12
845,1838.3,66.95,68.73,1.9,6
846,94.83,94.94,59.45,4.94,6
847,1983.94,67.63,93.15,4.24,18
848,785.29,62.35,73.09,4.41,17
849,1140.16,98.39,73.63,1.3,14
850,1961.23,80.47,67.15,1.87,16
851,1344.19,96.45,65.5,4.75,17
852,746.83,88.84,60.03,1.26,10
853,460.86,78.52,92.77,1.59,7
854,1292.53,64.4,39.27,3.37,2
855,1973.91,83.87,58.97,4.13,18
856,336.4,42.14,30.06,4.11,13
857,731.73,71.82,86.44,3.41,16
858,1385.73,86.96,97.17,3.54,3
859,111.03,93.58,66.34,4.58,15
860,1112.86,99.67,65.82,2.17,15
861,1908.44,69.81,75.71,1.72,17
862,134.27,64.8,42.18,1.02,13
863,1160.63,69.23,56.5,3.83,14
864,1230.58,41.58,42.99,3.86,11
865,1245.3,87.34,78.39,2.75,3
866,146.82,64.98,90.83,4.29,10
867,1613.47,79.66,40.97,4.25,4
868,1168.14,57.8,57.81,1.55,20
869,1621.04,71.87,70.13,2.94,17
870,1608.54,87.5,85.26,3.61,8
871,450.53,97.69,56.05,1.59,13
872,258.1,42.03,50.97,3.79,14
873,181.46,80.9,31.03,1.92,14
874,454.71,50.48,82.01,1.7,5
875,849.93,99.12,67.28,2.0,18
876,712.84,73.47,74.53,2.17,19
877,709.48,87.0,59.39,1.69,9
878,67.12,83.25,41.3,2.5,17
879,428.8,46.13,83.18,3.44,20
880,1895.19,55.2,80.36,1.42,19
881,879.47,86.07,72.72,3.8,5
882,1252.28,93.7,53.01,1.82,16
883,1385.43,77.56,43.24,2.19,12
884,1466.9,57.98,95.21,2.81,4
885,287.36,70.25,64.27,4.81,1
886,316.06,71.61,53.53,4.24,7
887,1604.47,47.87,78.24,1.37,0
888,748.41,79.93,67.9,3.89,18
889,1625.97,61.54,69.01,2.05,10
890,1041.67,81.15,62.44,2.68,15
891,1548.54,99.97,91.71,1.69,10
892,566.39,55.36,93.88,2.72,7
893,857.4,61.09,55.93,2.27,14
894,1926.18,44.35,58.24,4.05,15
895,518.64,55.3,82.64,3.77,15
896,608.9,87.63,77.51,3.54,19
897,73.58,58.46,37.23,3.09,15
898,1159.23,89.03,53.33,4.41,9
899,1682.74,72.16,79.61,2.17,8
900,1796.53,56.91,36.95,3.94,5
901,812.22,88.2,49.82,4.71,17
902,1946.8,41.71,45.69,1.16,12
903,1472.68,44.45,41.0,1.28,13
904,204.41,51.91,33.84,1.18,17
905,1832.3,88.15,97.89,3.94,13
906,290.34,73.43,82.98,4.05,19
907,1200.23,70.24,43.55,2.12,0
908,1307.19,49.03,96.85,3.77,10
909,947.21,77.48,61.83,1.75,2
910,886.78,63.61,97.8,1.47,19
911,1187.07,98.21,80.2,3.39,11
912,1559.64,78.13,91.6,2.33,20
913,1033.83,69.7,67.4,2.73,1
914,364.93,83.62,30.82,2.58,3
915,1056.15,72.42,46.72,1.55,6
916,314.3,90.87,43.85,1.32,17
917,1769.64,93.87,68.74,2.47,19
918,1537.02,66.9,88.7,3.92,11
919,1993.7,45.14,45.3,4.35,14
920,1626.74,63.74,36.4,3.89,15
921,84.04,71.99,64.16,1.51,18
922,59.89,82.78,56.48,1.18,0
923,1303.49,93.26,33.45,2.59,16
924,908.99,44.84,97.04,1.68,4
925,267.48,50.95,61.73,1.22,11
926,1091.91,74.03,80.51,3.03,10
927,1416.58,70.55,90.86,4.4,11
928,551.26,53.23,73.76,4.66,7
929,650.77,63.53,59.43,1.64,1
930,482.04,58.27,58.43,2.23,1
931,518.85,88.84,72.87,1.73,6
932,724.48,55.9,78.66,1.24,10
933,449.88,71.1,87.88,1.97,0
934,1962.48,59.65,95.6,4.01,0
935,740.0,62.35,89.18,4.14,17
936,518.97,99.85,63.09,4.8,4
937,365.12,44.23,46.34,1.07,1
938,1302.27,58.0,74.76,1.29,6
939,371.81,54.33,46.82,4.25,11
940,588.0,85.67,88.71,4.39,4
941,1009.01,57.08,96.1,3.14,5
942,1438.66,95.59,56.25,2.21,7
943,1776.77,56.24,56.98,4.6,8
944,1415.0,47.45,85.75,2.38,9
945,441.73,85.91,47.54,1.33,16
946,1504.12,81.77,45.02,3.23,0
947,1690.96,79.76,44.59,4.12,17
948,1952.38,71.63,47.95,4.33,5
949,1310.81,42.61,55.34,2.25,9
950,809.09,60.67,38.57,1.95,1
951,1834.04,61.04,54.42,3.08,7
952,1238.38,91.31,83.62,3.42,16
953,1041.44,92.71,93.51,4.17,6
954,765.53,87.24,45.53,3.84,8
955,897.23,67.29,70.73,3.98,18
956,480.86,57.97,77.95,4.29,0
957,556.21,94.61,99.27,1.53,2
958,275.95,52.08,56.45,4.88,7
959,116.29,84.98,95.8,4.97,11
960,719.84,67.43,93.02,2.4,17
961,1242.26,52.25,52.67,3.44,16
962,1251.22,49.59,41.4,2.61,1
963,708.34,81.69,66.28,4.07,15
964,1812.54,52.37,99.21,3.0,7
965,1045.42,46.04,55.28,4.05,8
966,1869.65,40.48,30.41,1.39,1
967,1114.02,61.9,33.44,2.08,7
968,1568.36,66.61,39.67,4.87,8
969,654.48,68.81,97.4,3.31,16
970,1229.38,73.59,45.97,2.18,20
971,1072.25,99.54,96.84,3.31,17
972,129.56,98.78,76.79,2.05,19
973,774.15,78.7,39.37,4.81,19
974,1927.22,46.12,70.23,1.16,3
975,310.68,45.33,96.16,4.41,0
976,1991.56,52.08,71.42,3.62,9
977,234.11,81.39,69.56,4.68,7
978,1183.0,51.39,58.35,1.94,5
979,758.51,90.52,69.16,3.52,10
980,780.48,85.33,97.05,2.57,4
981,1339.17,58.12,61.42,3.33,12
982,1296.6,49.5,79.26,1.63,3
983,493.27,80.2,76.82,3.79,18
984,262.44,66.04,93.51,1.36,3
985,1237.48,91.39,81.57,4.23,13
986,1508.23,99.78,60.7,3.21,5
987,815.32,58.61,94.88,1.4,6
988,1755.7,85.62,60.24,1.18,1
989,174.97,68.87,91.4,2.86,0
990,1899.13,79.9,99.83,2.21,8
991,518.85,60.95,92.24,1.72,1
992,1771.13,41.68,83.92,4.42,12
993,875.64,86.21,45.19,2.99,12
994,1547.85,52.31,88.79,2.23,0
995,326.71,45.9,70.2,1.23,1
996,991.53,97.73,77.02,4.84,14
997,1101.38,90.08,70.85,2.25,14
998,1338.83,78.18,63.54,2.58,9
999,1923.2,63.94,76.17,2.23,7
1000,862.57,57.72,96.9,2.86,7
